ID,invoice_ID,fileName,mediaType,createdAt,createdBy,modifiedAt,modifiedBy
26313025-ccaf-4ca6-91a9-7b99809c5dd9,68519244-a06f-4b6a-ab8e-ad4c0b038295,fileName-26313025,mediaType-26313025,2007-01-06T00:00:00.000Z,createdBy.fnz9d@example.com,2006-02-28T00:00:00.000Z,modifiedBy.fnz9d@example.com
26313026-682c-4012-b85d-0159ce2fbdf9,68519244-a06f-4b6a-ab8e-ad4c0b038295,fileName-26313026,mediaType-26313026,2017-03-09T00:00:00.000Z,createdBy.fnz9e@example.org,2003-09-02T00:00:00.000Z,modifiedBy.fnz9e@example.com
1880891a-1b2f-480b-94e5-455b719ebb0c,68519258-043e-4b61-b437-32afe46cb334,fileName-1880891,mediaType-1880891,2005-04-10T00:00:00.000Z,createdBy.14baz@example.net,2009-02-13T00:00:00.000Z,modifiedBy.14baz@example.com
18808927-a58d-4bb2-9283-2c4b9ddc3cdb,68519258-043e-4b61-b437-32afe46cb334,fileName-1880892,mediaType-1880892,2016-05-11T00:00:00.000Z,createdBy.14bb0@example.org,2021-06-16T00:00:00.000Z,modifiedBy.14bb0@example.com
19742669-d144-4fc0-b97b-5d8acd9b48fc,995055b1-93a8-4c26-97e5-bb3e5eef32d9,fileName-19742669,mediaType-19742669,2015-09-02T00:00:00.000Z,createdBy.br5jh@example.org,2019-11-29T00:00:00.000Z,modifiedBy.br5jh@example.com
19742670-3dac-4acf-a39f-c45fedafad3c,995055b1-93a8-4c26-97e5-bb3e5eef32d9,fileName-19742670,mediaType-19742670,2012-04-22T00:00:00.000Z,createdBy.br5ji@example.net,2016-09-23T00:00:00.000Z,modifiedBy.br5ji@example.org
96664545-992d-495a-a215-125bdca8ee7d,99505656-9e7e-4dee-b728-e95e4f131553,fileName-9666454,mediaType-9666454,2016-09-11T00:00:00.000Z,createdBy.5r6om@example.net,2005-10-29T00:00:00.000Z,modifiedBy.5r6om@example.net
96664555-fa89-4a3a-b55d-f3a2c11a8f46,99505656-9e7e-4dee-b728-e95e4f131553,fileName-9666455,mediaType-9666455,2013-09-01T00:00:00.000Z,createdBy.5r6on@example.net,2013-10-10T00:00:00.000Z,modifiedBy.5r6on@example.com
63242828-5a01-4d8f-950e-b8f6b8dcac1f,24889794-b921-440c-84f5-0b10891f07c1,fileName-6324282,mediaType-6324282,2005-07-24T00:00:00.000Z,createdBy.3rjui@example.net,2020-07-20T00:00:00.000Z,modifiedBy.3rjui@example.net
6324283e-6313-4fa6-aadf-12848dc0081f,24889794-b921-440c-84f5-0b10891f07c1,fileName-6324283,mediaType-6324283,2013-01-11T00:00:00.000Z,createdBy.3rjuj@example.org,2001-02-15T00:00:00.000Z,modifiedBy.3rjuj@example.com
6394682e-48ec-4f7b-882c-fe40c41d38e8,24889795-0db0-4e02-9d99-f833883e4c43,fileName-6394682,mediaType-6394682,2008-05-17T00:00:00.000Z,createdBy.3t262@example.org,2004-07-03T00:00:00.000Z,modifiedBy.3t262@example.net
63946833-3a05-4d43-bc67-b2a20ced58ce,24889795-0db0-4e02-9d99-f833883e4c43,fileName-6394683,mediaType-6394683,2014-06-29T00:00:00.000Z,createdBy.3t263@example.com,2004-06-11T00:00:00.000Z,modifiedBy.3t263@example.net
20163009-a689-4f0c-8e89-dd64c080a2ed,3130228a-c0e1-444a-add2-cff9c226b12b,fileName-20163009,mediaType-20163009,2013-08-11T00:00:00.000Z,createdBy.c05vl@example.org,2016-03-12T00:00:00.000Z,modifiedBy.c05vl@example.org
20163010-60fe-443d-a47a-f2f67c5841d6,3130228a-c0e1-444a-add2-cff9c226b12b,fileName-20163010,mediaType-20163010,2018-10-26T00:00:00.000Z,createdBy.c05vm@example.net,2010-03-26T00:00:00.000Z,modifiedBy.c05vm@example.org
29387873-7ee9-4b58-a943-5b4b59a4545f,3130229a-1f5c-4bc4-9ee7-2fce745bd18e,fileName-29387873,mediaType-29387873,2022-06-16T00:00:00.000Z,createdBy.hhvtt@example.org,2011-06-23T00:00:00.000Z,modifiedBy.hhvtt@example.net
29387874-8787-4e1d-8e48-fb33d0c1746c,3130229a-1f5c-4bc4-9ee7-2fce745bd18e,fileName-29387874,mediaType-29387874,2003-03-14T00:00:00.000Z,createdBy.hhvtu@example.net,2011-08-23T00:00:00.000Z,modifiedBy.hhvtu@example.org
11289646-d156-45fc-a7f1-961355d9ff5a,79594518-63fb-4f05-888f-608988e12285,fileName-11289646,mediaType-11289646,2013-12-30T00:00:00.000Z,createdBy.6pz5a@example.com,2011-12-30T00:00:00.000Z,modifiedBy.6pz5a@example.net
11289647-8466-404d-bc15-54c436010657,79594518-63fb-4f05-888f-608988e12285,fileName-11289647,mediaType-11289647,2005-08-01T00:00:00.000Z,createdBy.6pz5b@example.org,2022-01-22T00:00:00.000Z,modifiedBy.6pz5b@example.com
10952282-d977-4489-9242-a9a664ad9042,79594525-ce41-4da0-9f15-0803533def14,fileName-10952282,mediaType-10952282,2006-11-05T00:00:00.000Z,createdBy.6iqu2@example.com,2019-05-27T00:00:00.000Z,modifiedBy.6iqu2@example.net
10952283-24b4-47b7-93c3-06c26f5528a1,79594525-ce41-4da0-9f15-0803533def14,fileName-10952283,mediaType-10952283,2004-05-03T00:00:00.000Z,createdBy.6iqu3@example.com,2004-01-01T00:00:00.000Z,modifiedBy.6iqu3@example.com
