ID,invoice_ID,action,comments,performedBy,createdAt,createdBy,modifiedAt,modifiedBy
90512494-f84d-4a12-8ba0-9a3e9e42baad,68519244-a06f-4b6a-ab8e-ad4c0b038295,action-905124,comments-905124,performedBy-905124,2023-06-23T00:00:00.000Z,createdBy.jeec@example.net,2000-04-22T00:00:00.000Z,modifiedBy.jeec@example.com
9051250a-0299-4368-b75b-898e4cda2b36,68519244-a06f-4b6a-ab8e-ad4c0b038295,action-905125,comments-905125,performedBy-905125,2003-01-06T00:00:00.000Z,createdBy.jeed@example.com,2006-12-26T00:00:00.000Z,modifiedBy.jeed@example.org
16030905-2b60-4792-836b-63ec0c58cb19,68519258-043e-4b61-b437-32afe46cb334,action-16030905,comments-16030905,performedBy-16030905,2023-10-04T00:00:00.000Z,createdBy.9jlix@example.net,2012-10-23T00:00:00.000Z,modifiedBy.9jlix@example.org
16030906-49e4-4151-80f7-a59c16158b04,68519258-043e-4b61-b437-32afe46cb334,action-16030906,comments-16030906,performedBy-16030906,2020-06-23T00:00:00.000Z,createdBy.9jliy@example.net,2015-01-22T00:00:00.000Z,modifiedBy.9jliy@example.org
5434474b-875f-4e25-8df6-57db2d39f4a5,995055b1-93a8-4c26-97e5-bb3e5eef32d9,action-5434474,comments-5434474,performedBy-5434474,2010-11-18T00:00:00.000Z,createdBy.38h9m@example.com,2004-04-25T00:00:00.000Z,modifiedBy.38h9m@example.org
5434475b-fee2-40cd-9a92-06ce23406250,995055b1-93a8-4c26-97e5-bb3e5eef32d9,action-5434475,comments-5434475,performedBy-5434475,2020-03-20T00:00:00.000Z,createdBy.38h9n@example.net,2013-08-27T00:00:00.000Z,modifiedBy.38h9n@example.com
11811724-dbf8-4b5c-9e8c-96956444cf73,99505656-9e7e-4dee-b728-e95e4f131553,action-11811724,comments-11811724,performedBy-11811724,2019-05-21T00:00:00.000Z,createdBy.715zg@example.org,2007-03-15T00:00:00.000Z,modifiedBy.715zg@example.com
11811725-58be-46cd-92ce-8d0caf9fc011,99505656-9e7e-4dee-b728-e95e4f131553,action-11811725,comments-11811725,performedBy-11811725,2010-10-28T00:00:00.000Z,createdBy.715zh@example.net,2014-12-24T00:00:00.000Z,modifiedBy.715zh@example.net
25905141-3df7-4296-af50-24999bbd0d63,24889794-b921-440c-84f5-0b10891f07c1,action-25905141,comments-25905141,performedBy-25905141,2019-12-09T00:00:00.000Z,createdBy.ff8j9@example.org,2003-11-14T00:00:00.000Z,modifiedBy.ff8j9@example.com
25905142-e9ad-4c60-b9c2-964121b876ac,24889794-b921-440c-84f5-0b10891f07c1,action-25905142,comments-25905142,performedBy-25905142,2017-05-19T00:00:00.000Z,createdBy.ff8ja@example.com,2006-04-19T00:00:00.000Z,modifiedBy.ff8ja@example.net
83623392-1360-4a1e-8d11-7b59d1ead494,24889795-0db0-4e02-9d99-f833883e4c43,action-8362339,comments-8362339,performedBy-8362339,2016-05-27T00:00:00.000Z,createdBy.4z8f7@example.com,2022-08-01T00:00:00.000Z,modifiedBy.4z8f7@example.net
83623402-9380-4dda-b417-b7e1b5492662,24889795-0db0-4e02-9d99-f833883e4c43,action-8362340,comments-8362340,performedBy-8362340,2015-05-21T00:00:00.000Z,createdBy.4z8f8@example.org,2010-02-01T00:00:00.000Z,modifiedBy.4z8f8@example.com
23067806-928b-4f20-a784-74f4689932e2,3130228a-c0e1-444a-add2-cff9c226b12b,action-23067806,comments-23067806,performedBy-23067806,2019-08-23T00:00:00.000Z,createdBy.dqf8e@example.net,2013-05-09T00:00:00.000Z,modifiedBy.dqf8e@example.org
23067807-db64-49cc-902c-5b944af4070e,3130228a-c0e1-444a-add2-cff9c226b12b,action-23067807,comments-23067807,performedBy-23067807,2013-05-16T00:00:00.000Z,createdBy.dqf8f@example.net,2014-04-02T00:00:00.000Z,modifiedBy.dqf8f@example.net
15549922-2612-439d-bed2-b9fb407b7480,3130229a-1f5c-4bc4-9ee7-2fce745bd18e,action-15549922,comments-15549922,performedBy-15549922,2023-10-14T00:00:00.000Z,createdBy.99aea@example.net,2023-06-05T00:00:00.000Z,modifiedBy.99aea@example.com
15549923-93f1-4f40-922e-9215564c9b00,3130229a-1f5c-4bc4-9ee7-2fce745bd18e,action-15549923,comments-15549923,performedBy-15549923,2015-12-27T00:00:00.000Z,createdBy.99aeb@example.net,2008-11-05T00:00:00.000Z,modifiedBy.99aeb@example.org
30086604-2f7c-4b89-a433-a63a4ddbd2dd,79594518-63fb-4f05-888f-608988e12285,action-30086604,comments-30086604,performedBy-30086604,2016-09-23T00:00:00.000Z,createdBy.hwuz0@example.com,2023-07-12T00:00:00.000Z,modifiedBy.hwuz0@example.com
30086605-f4fd-436b-82f6-796d4fc65230,79594518-63fb-4f05-888f-608988e12285,action-30086605,comments-30086605,performedBy-30086605,2020-08-25T00:00:00.000Z,createdBy.hwuz1@example.com,2021-12-22T00:00:00.000Z,modifiedBy.hwuz1@example.net
26001585-1034-4855-a02f-b265a13237cd,79594525-ce41-4da0-9f15-0803533def14,action-26001585,comments-26001585,performedBy-26001585,2023-10-11T00:00:00.000Z,createdBy.fhay9@example.org,2006-02-09T00:00:00.000Z,modifiedBy.fhay9@example.net
26001586-6b7a-4d17-b4e2-d65972b4115f,79594525-ce41-4da0-9f15-0803533def14,action-26001586,comments-26001586,performedBy-26001586,2014-03-21T00:00:00.000Z,createdBy.fhaya@example.org,2017-03-12T00:00:00.000Z,modifiedBy.fhaya@example.com
